title,brand,price,currency,pre reduction price,discount
Youth Barreda Decode,Adidas,18.33,BHD,28.08,-35%
Youth 530,New Balance,52.25,BHD,,
Youth Runfalcon 5,Adidas,18.78,BHD,24.83,-25%
Kids Handball Spezial,adidas Originals,20.38,BHD,30.24,-33%
Infant Samba Og Cf El,adidas Originals,23.91,BHD,30.24,-21%
Tensaur Switch Shoes Kids,Adidas,15.6,BHD,20.49,-24%
Youth Handball Spezial,adidas Originals,35.4,BHD,46.50,-24%
Youth Run 70S 2.0,Adidas,20.26,BHD,30.24,-34%
Youth Deportivo III TF,Adidas,14.12,BHD,18.32,-23%
Kids Campus 00S C,adidas Originals,20.95,BHD,35.67,-42%
Infant Vl Court 3.0 Cf,Adidas,23.11,BHD,24.93,-8%
Youth Samba Og,adidas Originals,28.34,BHD,43.26,-35%
Youth Run 70S 2.0,Adidas,20.26,BHD,30.24,-34%
Youth Samba Og,adidas Originals,28.34,BHD,43.26,-35%
Kids Club Ii Era,PUMA,21.29,BHD,28.08,-25%
Air Jordan 1 Mid,Jordan,40.52,BHD,57.35,-30%
Kids Tensaur Run 3.0 El,Adidas,15.48,BHD,19.41,-21%
Youth Gazelle,adidas Originals,21.63,BHD,43.26,-50%
Kids Runfalcon 5 El,Adidas,16.39,BHD,21.57,-25%
Kids Chuck Taylor All Star,CONVERSE,14.91,BHD,19.41,-24%
Kids Chuck Taylor All Star,CONVERSE,17.99,BHD,27.00,-34%
Youth Omni Multi-Court Gs,Nike,18.78,BHD,30.24,-38%
Youth Graviton,PUMA,16.62,BHD,27.00,-39%
Kids Copa Pure Iv League Tf,Adidas,17.99,BHD,30.24,-41%
Infant Tensaur Comfort Ac,Adidas,15.94,BHD,19.41,-18%
Kids Tensaur Comfort Ac,Adidas,16.39,BHD,21.57,-25%
Kids Club Ii Era,PUMA,21.29,BHD,28.08,-25%
Youth Copa Pure IV Club IN,Adidas,13.78,BHD,22.66,-40%
Air Jordan 1 Mid,Jordan,40.52,BHD,57.35,-30%
Infant Samba Crib,adidas Originals,15.71,BHD,20.49,-24%
Kids Tensaur Run 3.0 El,Adidas,15.48,BHD,19.41,-21%
Kids Campus 00S C,adidas Originals,20.95,BHD,35.67,-42%
Youth Campus 00S,adidas Originals,32.9,BHD,46.50,-30%
Youth Rickie,PUMA,21.06,BHD,21.57,-3%
Kids Handball Spezial,adidas Originals,25.04,BHD,32.41,-23%
Infant Samba Og Cf El,adidas Originals,21.4,BHD,25.91,-18%
Gs Official,UNDER ARMOUR,18.1,BHD,24.83,-28%
Tensaur Comfort Shoes Kids,Adidas,23.79,BHD,,
Kids Samba Og Cf El C,adidas Originals,26.52,BHD,35.67,-26%
Kids Duramo Sl2 El,Adidas,17.87,BHD,22.66,-22%
Kids Grand Court 00S,Adidas,22.2,BHD,27.00,-18%
Infant Grand Court Mickey,Adidas,17.07,BHD,22.66,-25%
Infant Runfalcon 5 El,Adidas,17.64,BHD,19.41,-10%
Youth 408,New Balance,24.7,BHD,27.00,-9%
Infant Duramo Sl2 El,Adidas,17.64,BHD,20.49,-14%
Kids Runfalcon 5 El,Adidas,16.39,BHD,21.57,-25%
Kids Duramo Sl2 El,Adidas,17.07,BHD,22.66,-25%
Kids Chuck Taylor All Star,CONVERSE,17.99,BHD,27.00,-34%
Youth Gel-Nyc Gs,asics,49.51,BHD,52.36,-6%
Kids Campus 00S El C,adidas Originals,22.08,BHD,35.67,-39%
Youth Omni Multi-Court Gs,Nike,18.78,BHD,30.24,-38%
Infant Vl Court 3.0 Cf,Adidas,17.07,BHD,22.66,-25%
Kids Bounder,SKECHERS,12.07,BHD,16.48,-27%
Youth Runfalcon 5,Adidas,18.9,BHD,24.83,-24%
Kids Breakbase,Adidas,18.9,BHD,22.66,-17%
Kids Tensaur Run 3.0 El,Adidas,18.78,BHD,19.41,-4%
Kids Samba Og,adidas Originals,32.9,BHD,,
Nike Air Max Nova,Nike,44.28,BHD,,
Kids Adifom Samba 360 C,adidas Originals,24.93,BHD,43.26,-43%
Kids Rincon 4 Big Kids,Hoka,49.51,BHD,,
Kids Barreda Decode Elsa,Adidas,20.26,BHD,27.00,-25%
Youth Rickie,PUMA,14.8,BHD,21.57,-32%
Kids Grand Court Capt America El,Adidas,16.96,BHD,27.00,-38%
Youth Terrain Clogs,crocs,23.79,BHD,,
Youth Handball Spezial,adidas Originals,29.25,BHD,46.50,-38%
Kids Deportivo Iii Tf,Adidas,17.64,BHD,18.32,-4%
Infant Bubblecomfy,Adidas,17.07,BHD,20.49,-17%
578 Sports Shoes,New Balance,21.52,BHD,,
Kids Tensaur Comfort Ac,Adidas,15.94,BHD,21.57,-27%
Infant Vl Court 3.0 Cf,Adidas,23.68,BHD,24.83,-5%
Infant Campus 00S Cf El,adidas Originals,20.03,BHD,30.24,-34%
Youth Handball Spezial,adidas Originals,36.2,BHD,49.76,-28%
Kids Soft Wired 2 Ps,PUMA,15.6,BHD,24.83,-38%
Youth Runfalcon 5 El,Adidas,12.98,BHD,21.57,-40%
Youth Air Max Fire Gs,Nike,34.94,BHD,48.67,-29%
Kids Fun Racer 2 Ac+ Ps,PUMA,13.43,BHD,18.32,-27%
Youth Softride Cosmic Street Sliptech,PUMA,19.46,BHD,29.16,-34%
AIR MAX 270 BG,Nike,33.92,BHD,67.75,-50%
Kids Smash 3.0 L V Ps,PUMA,9.79,BHD,21.57,-55%
Youth P-6000 Bg,Nike,34.37,BHD,48.67,-30%
Kids Grand Court Spider-Man,Adidas,20.26,BHD,28.08,-28%
Youth Gs Jet '25,UNDER ARMOUR,25.04,BHD,32.41,-23%
Kids Vl Court Woody El C,Adidas,24.7,BHD,30.24,-19%
Infant Tensaur Switch Cf,Adidas,14.68,BHD,18.32,-20%
Tensaur Comfort Shoes Kids,Adidas,14.8,BHD,19.41,-24%
Youth Gel-1130 Gs,asics,43.26,BHD,,
Youth Handball Spezial,adidas Originals,36.2,BHD,49.76,-28%
Kids Duramo Sl2 El,Adidas,17.07,BHD,22.66,-25%
Infant Gazellef El,adidas Originals,18.21,BHD,27.00,-33%
Youth Advantage Base 2.0,Adidas,17.07,BHD,22.66,-25%
Youth 530,New Balance,52.25,BHD,,
Youth Campus 00S,adidas Originals,37.45,BHD,49.76,-25%
Youth Cloud Play,On Running,58.05,BHD,,
Kids Soft Wired 2 Ps,PUMA,15.6,BHD,24.83,-38%
Youth Advantage Base 2.0,Adidas,17.87,BHD,22.66,-22%
Youth Runfalcon 5 El,Adidas,12.98,BHD,21.57,-40%
Kids Water Sandal Spider,Adidas,22.65,BHD,25.91,-13%
Youth Gel-Nyc Gs,asics,42.46,BHD,48.78,-13%
Kids Adilette Shower Logo,Adidas,10.7,BHD,12.90,-18%
Youth Air Max Fire Gs,Nike,34.94,BHD,48.67,-29%
Youth Gazelle,adidas Originals,28.69,BHD,43.26,-34%
Infant Adilette Estrap Buz,Adidas,11.16,BHD,13.98,-21%
Kids Fun Racer 2 Ac+ Ps,PUMA,13.43,BHD,18.32,-27%
Youth Softride Cosmic Street Sliptech,PUMA,19.46,BHD,29.16,-34%
Kids Duramo Sl2 El C,Adidas,18.9,BHD,22.66,-17%
AIR MAX 270 BG,Nike,33.92,BHD,67.75,-50%
Infant Gazellef El,adidas Originals,19.69,BHD,27.00,-28%
Kids Smash 3.0 L V Ps,PUMA,9.79,BHD,21.57,-55%
Youth Duramo Sl2,Adidas,18.56,BHD,25.91,-29%
Youth P-6000 Bg,Nike,34.37,BHD,48.67,-30%
Kids Barreda Decode El C,Adidas,19.69,BHD,22.66,-14%
Nike Flex Runner 4,Nike,27.2,BHD,,
Nike Jr. Tiempo Legend 10 Academy,Nike,13.78,BHD,35.67,-62%
Infant Tensaur Run 3.0 El,Adidas,15.6,BHD,20.49,-24%
Youth Fortarun 4.0,Adidas,20.26,BHD,28.08,-28%
Youth Breakbase,Adidas,19.35,BHD,25.91,-26%
Kids Gt-1000 14 Ps,asics,34.15,BHD,,
Kids Adifom Samba 360 C,adidas Originals,27.43,BHD,35.67,-24%
Unisex Kids BMW M Motorsport Drift Cat Decima motorsport shoe,BMW Motorsport,11.99,BHD,37.51,-69%
Kids Classic Clogs,crocs,21.52,BHD,,
COURT BOROUGH LOW RECRAFT BPV,Nike,32.9,BHD,,
Kids Grand Court Minnie,Adidas,12.52,BHD,27.00,-54%
Kids Vl Court 3.0,Adidas,22.08,BHD,25.91,-15%
Infant Summerflex I,Adidas,19.69,BHD,22.66,-14%
NIKE COSMIC RUNNER TD,Nike,23.79,BHD,,
Kids Tensaur Run 3.0 El,Adidas,16.85,BHD,22.66,-26%
Youth Samba Og,adidas Originals,46.55,BHD,,
Infant Campus 00S Cf El,adidas Originals,21.29,BHD,30.24,-30%
Infant Lightorama Rnr El,Adidas,19.13,BHD,25.91,-27%
"Kids' Black Velcro Strap Sneakers Shoes - Easy-On, Day Fun for Little Explorers!",U.S. Polo Assn.,20.1,BHD,33.22,-40%
Kids Flexfocus Sliptech Ps,PUMA,12.75,BHD,19.41,-35%
Youth Flex Runner 4 Gs,Nike,29.48,BHD,,
Kids Navy Low-Top Casual  Slip On Sneakers - Sleek Everyday Style and Comfort for Effortless Wear,U.S. Polo Assn.,22.48,BHD,40.37,-45%
Infant Tensaur Run 3.0 El,Adidas,15.25,BHD,20.49,-26%
Kids Milano EVA  Narrow Fit Sandals,BIRKENSTOCK,21.52,BHD,,
Kids Crocband Cruiser Sandals,crocs,23.79,BHD,,
Nike Jr. Tiempo Legend 10 Academy,Nike,13.78,BHD,35.67,-62%
Unisex Kids BMW M Motorsport Drift Cat Decima motorsport shoe,BMW Motorsport,11.99,BHD,37.51,-69%
Kids Grand Court Minnie,Adidas,12.52,BHD,27.00,-54%
Infant Campus 00S Cf El,adidas Originals,21.29,BHD,30.24,-30%
Infant Lightorama Rnr El,Adidas,19.13,BHD,25.91,-27%
"Kids' Black Velcro Strap Sneakers Shoes - Easy-On, Day Fun for Little Explorers!",U.S. Polo Assn.,20.1,BHD,33.22,-40%
Kids Navy Low-Top Casual  Slip On Sneakers - Sleek Everyday Style and Comfort for Effortless Wear,U.S. Polo Assn.,22.48,BHD,40.37,-45%
Youth Pegasus Trail 5 Gs,Nike,25.95,BHD,62.76,-59%
Nike Metro Tek,Nike,14.91,BHD,37.83,-61%
Youth Runfalcon 5,Adidas,14.68,BHD,24.83,-41%
Nike Flex Runner 4,Nike,27.2,BHD,,
Infant Breaknet 3.0 Cf,Adidas,15.94,BHD,18.32,-14%
Youth Tensaur Switch,Adidas,20.72,BHD,22.66,-9%
Kids All-Day Active Ac+ Ps,PUMA,11.38,BHD,20.49,-45%
Nike Dunk Low,Nike,42.12,BHD,48.67,-14%
Infant Star Runner 5 Td,Nike,29.48,BHD,,
NIKE V5 RNR E BP,Nike,38.59,BHD,,
COURT BOROUGH MID 2 BPV,Nike,35.17,BHD,,
Kids Altaswim 3 C,Adidas,14.68,BHD,18.32,-20%
Kids Gel-1130 Ps,asics,39.27,BHD,,
Kids F50 Hyperfast Club Tf,Adidas,29.48,BHD,,
Kids Sunray Protect 4 Bp,Nike,21.63,BHD,24.83,-13%
Youth Pegasus Trail 5 Gs,Nike,25.95,BHD,62.76,-59%
Youth Dunk Low Retro Bttys,Nike,27.43,BHD,35.67,-24%
Nike Metro Tek,Nike,14.91,BHD,37.83,-61%
Youth Runfalcon 5,Adidas,14.68,BHD,24.83,-41%
Kids Bounder,SKECHERS,12.07,BHD,16.48,-27%
Kids Gel-Nyc Ps,asics,37.11,BHD,42.82,-14%
Kids Gel-1130 Ps,asics,39.27,BHD,,
Youth Lightblaze,Adidas,22.42,BHD,32.41,-31%
Kids Lite Pro,SKECHERS,14,BHD,18.21,-24%
Youth Anzarun Lite,PUMA,15.48,BHD,24.83,-38%
COURT BOROUGH LOW RECRAFT BPV,Nike,29.48,BHD,,
Adifom Adilette Slides Kids,adidas Originals,20.6,BHD,22.65,-10%
Youth Adizero Evo Sl,Adidas,69.32,BHD,,
Youth Breaknet 3.0,Adidas,19.46,BHD,22.66,-15%
Kids Samba Og,adidas Originals,23.45,BHD,30.24,-23%
Kids Runfalcon 5 El,Adidas,16.39,BHD,21.57,-25%
Kids Smash 3.0 L V Ps,PUMA,15.48,BHD,21.57,-29%
AIR MAX 270 BP,Nike,36.99,BHD,56.91,-36%
Kids Vl Court 3.0,Adidas,19.13,BHD,25.91,-27%
Kids Adilette Sandal 2,Adidas,13.43,BHD,15.07,-11%
Infant Samba Og Cf El,adidas Originals,24.7,BHD,25.91,-5%
Kids Club Ii Era V Ps,PUMA,17.07,BHD,25.91,-35%
Youth Gt-1000 14 Gs,asics,36.42,BHD,,
Tensaur Comfort Shoes Kids,Adidas,16.39,BHD,19.41,-16%
Infant Adifom Samba 360 I,adidas Originals,19.01,BHD,30.24,-38%
Kids Adilette Estrap 2.0,Adidas,12.07,BHD,13.98,-14%
Youth Copa Pure IV Club FG,Adidas,14.46,BHD,22.66,-37%
Kids Runfalcon 5 El,Adidas,23.79,BHD,,
Youth Contend 9 Gs,asics,31.3,BHD,,
Kids Tensaur Sport 3.0,Adidas,15.71,BHD,19.41,-20%
FORCE 1 LOW EASYON BP,Nike,44.28,BHD,,
Tensaur Hook and Loop Shoes,Adidas,20.38,BHD,,
Kids Handball Spezial,adidas Originals,35.17,BHD,,
Kids Go Run 400 V2,SKECHERS,18.44,BHD,,
Infant Grand Court Spider Man,Adidas,17.07,BHD,22.66,-25%
Infant Chuck Taylor All Star Cribster,CONVERSE,15.82,BHD,16.15,-3%
Kids Tensaur Comfort Ac,Adidas,15.48,BHD,21.57,-29%
Youth Terrex Tracefinder 2,Adidas,19.58,BHD,27.00,-28%
Youth P-6000 Bg,Nike,55.66,BHD,,
Kids Tensaur Run 3.0 El,Adidas,16.74,BHD,22.66,-27%
Youth Air Jordan 1 Low Bg,Jordan,55.66,BHD,,
Infant Skechers Meteor-Lights,SKECHERS,10.81,BHD,18.32,-41%
Youth Lightblaze,Adidas,22.42,BHD,32.41,-31%
Youth Anzarun Lite,PUMA,15.48,BHD,24.83,-38%
COURT BOROUGH LOW RECRAFT BPV,Nike,29.48,BHD,,
Nike Air Max SC,Nike,22.31,BHD,41.09,-46%
Kids Smash 3.0 L V Ps,PUMA,15.48,BHD,21.57,-29%
AIR MAX 270 BP,Nike,36.99,BHD,56.91,-36%
Tensaur Comfort Shoes Kids,Adidas,16.39,BHD,19.41,-16%
Infant Adifom Samba 360 I,adidas Originals,19.01,BHD,30.24,-38%
Youth Copa Pure IV Club FG,Adidas,14.46,BHD,22.66,-37%
Kids Tensaur Comfort Ac,Adidas,15.48,BHD,21.57,-29%
"Kids' White Velcro Strap Sneakers Shoes - Comfy, Cushioned Sole for All-Day Play!",U.S. Polo Assn.,16.52,BHD,33.22,-51%
Youth Star Runner 5 Gs,Nike,20.26,BHD,30.24,-34%
NIKE V5 RNR BG,Nike,44.28,BHD,,
Nike Flex Runner 4,Nike,29.48,BHD,,
Infant Lightorama Rnr El,Adidas,16.85,BHD,25.91,-35%
Infant Handball Spezial Cf,adidas Originals,24.47,BHD,27.00,-10%
Youth Md Valiant,Nike,20.03,BHD,29.81,-33%
Adilette Sandals,Adidas,16.96,BHD,,
Youth Soft Wired 2 Sliptech Ps,PUMA,15.71,BHD,24.83,-37%
NIKE STELLAR RIDE GS,Nike,40.87,BHD,,
"Boys School Shoes – Durable Black Formal Uniform Footwear for Kids | Anti-Slip Sole, Cushioned Insole, Easy Closure | Ideal for Daily Use & School Activities",Geoomnii,10.08,BHD,12.90,-22%
Kids Go Run 400 V2,SKECHERS,12.52,BHD,16.48,-25%
Kids Softride Wired 2 Sliptech,PUMA,18.21,BHD,27.00,-33%
Kids Hoops Classic El,Adidas,16.17,BHD,27.00,-41%
Youth Runfalcon 6,Adidas,28.34,BHD,,
TEAM HUSTLE D 12 PS,Nike,38.59,BHD,,
Kids Evolve Run Sl Ac+ Ps,PUMA,21.52,BHD,,
Infant Grand Court Mickey Cf,Adidas,24.93,BHD,,
Air Jordan 4 RM,Jordan,67.04,BHD,,
Youth Waffle One,Nike,46.67,BHD,,
Kids Suede Xl,PUMA,40.87,BHD,,
Kids Taekwondo La,adidas Originals,21.06,BHD,27.00,-22%
Kids Garage,SKECHERS,30.39,BHD,,
Kids Eclyptix 2000 El,Adidas,29.48,BHD,,
Kids Samba Og Cf El,adidas Originals,35.17,BHD,,
Kids Slide Sandals,speedo,10.36,BHD,10.95,-6%
Kids Uno Lite,SKECHERS,26.75,BHD,28.00,-5%
Air Jordan MVP 92,Jordan,67.04,BHD,,
Kids Runfalcon 6 El,Adidas,23.79,BHD,,
NIKE DUNK LOW N BP,Nike,46.55,BHD,,
Youth 574,New Balance,43.14,BHD,,
Youth Future 9 Match TF,PUMA,38.59,BHD,,
Youth Air Jordan 1 Low Se Uni Bg,Jordan,61.35,BHD,,
Kids Lightorama Court El,Adidas,35.17,BHD,,
Infant Adistar Control 5 El,adidas Originals,28.34,BHD,30.62,-8%
Kids Max Invigor Bp,Nike,44.28,BHD,,
Youth Infinity Flow,Nike,39.38,BHD,52.03,-25%
Infant Japan S Ts,asics,28.46,BHD,,
Kids Fade Nitro Pikachu Ps,PUMA,51.11,BHD,,
Youth Fade Nitro Pikachu,PUMA,55.66,BHD,,
Youth Eclyptix 2000,Adidas,30.62,BHD,,
Kids Runfalcon 6 El,Adidas,23.79,BHD,,
COURT BOROUGH MID 2 BG,Nike,46.55,BHD,,
Skyrocket Lite 2 Jr,PUMA,23.79,BHD,,
NIKE STELLAR RIDE PSV,Nike,35.17,BHD,,
Youth Stellar Ride Gs,Nike,40.87,BHD,,
Youth JN Old Skool,VANS,28,BHD,31.98,-13%
Kids Superstar Ii Cf,adidas Originals,42,BHD,,
Youth Air Max Bia Bg,Nike,52.25,BHD,,
Kids Shark Slydes,Cotton On,3.42,BHD,3.99,-15%
Youth Air Jordan 1 Mid Bg,Jordan,67.04,BHD,,
Kids Superstar Ii Cf,adidas Originals,42,BHD,,
Kids Fortarun 4.0 El,Adidas,29.48,BHD,,
Youth P-6000 Bg,Nike,55.66,BHD,,
FORCE 1 LOW BP LACE,Nike,44.28,BHD,,
Infant Skechers Meteor-Lights,SKECHERS,10.81,BHD,18.32,-41%
"Kids' White Velcro Strap Sneakers Shoes - Comfy, Cushioned Sole for All-Day Play!",U.S. Polo Assn.,16.52,BHD,33.22,-51%
Youth Star Runner 5 Gs,Nike,20.26,BHD,30.24,-34%
Infant Lightorama Rnr El,Adidas,16.85,BHD,25.91,-35%
Youth Soft Wired 2 Sliptech Ps,PUMA,15.71,BHD,24.83,-37%
Kids Softride Wired 2 Sliptech,PUMA,18.21,BHD,27.00,-33%
Youth Infinity Flow,Nike,39.38,BHD,52.03,-25%
Kids Lite Racer 3.0,Adidas,19.35,BHD,24.83,-23%
Kids Campus 00S Cf El C,adidas Originals,24.36,BHD,43.26,-44%
Infant Handball Spezial,adidas Originals,18.78,BHD,27.00,-31%
Kids Palermo Lth,PUMA,37.45,BHD,,
Jordan Session,Jordan,40.87,BHD,,
Youth Novablast 5 Gs,asics,44.96,BHD,,
Kids Streettalk El,Adidas,29.48,BHD,,
Youth Future 9 Play FG,PUMA,28.34,BHD,,
Youth Dunk Low Sde Bg,Nike,55.66,BHD,,
Youth Air Max Phoenix Bg,Nike,69.32,BHD,,
Youth Air Force 1 Ess+ Bg,Nike,57.94,BHD,,
Youth Jordan Sixty Plus Low Bg,Jordan,72.73,BHD,,
Infant Breaknet 3.0 Cf,Adidas,20.38,BHD,,
Kids Grand Court Mickey El,Adidas,30.62,BHD,,
NIKE PACIFIC GS,Nike,44.28,BHD,,
Infant Advantage Cf,Adidas,20.38,BHD,,
Kids Taekwondo La,adidas Originals,20.38,BHD,27.00,-25%
Kids Jordan Max Aura 7 Bg,Jordan,52.25,BHD,,
Infant Grand Court Crib,Adidas,14.68,BHD,,
Infant Palermo Paw Patrol Ac,PUMA,31.76,BHD,,
Youth Uplift Sc Bg,Nike,35.17,BHD,,
Kids Vl Move El,Adidas,19.24,BHD,,
Youth Handball Spezial,adidas Originals,53.38,BHD,,
Youth 740,New Balance,49.97,BHD,,
Kids Nasa Flip Flop,NASA,4.44,BHD,,
Kids Tensaur Run 4.0 El,Adidas,22.65,BHD,,
AIR MAX 270 BP,Nike,52.25,BHD,,
Infant Tensaur Sport 3.0 Cf,Adidas,11.38,BHD,18.32,-38%
NIKE STELLAR RIDE PSV,Nike,35.17,BHD,,
Pounce Lite 2 Jr,PUMA,26.07,BHD,,
Kids Jordan 1 Low Alt Bp,Jordan,46.55,BHD,,
Kids Speedcat Paw Patrol Ps,PUMA,40.87,BHD,,
Infant Bubblecomic Winnie,Adidas,23.79,BHD,,
Kids Gel-Nyc Ps,asics,46.1,BHD,,
Jordan Flight Court,Jordan,46.55,BHD,,
Kids Trinity 2 Paw Patrol Ac+ Ps,PUMA,37.45,BHD,,
Youth Sonic Fly Gs,Nike,44.28,BHD,,
Infant Tensaur Sport 3.0 Cf,Adidas,20.38,BHD,,
Kids Grand Court Spider-Man El,Adidas,30.62,BHD,,
Kids Bounder 2.0,SKECHERS,28,BHD,,
Youth Bgs Ascend,UNDER ARMOUR,25.27,BHD,27.00,-7%
Kids Single Strap Sneaker,FLO,16.96,BHD,,
Infant Rs Surge Paw Patrol Ac,PUMA,40.87,BHD,,
JORDAN COURT CONNECT LOW BG,Jordan,44.28,BHD,,
Youth Tensaur Run 4.0,Adidas,24.93,BHD,,
Infant Jordan 1 Low Alt Bt,Jordan,40.87,BHD,,
Kids Microspec Velocity,SKECHERS,20.26,BHD,,
Youth Stellar Ride Gs,Nike,40.87,BHD,,
